chroma_stft,spectral_centroid,spectral_bandwidth,rolloff,zero_crossing_rate,mfcc1,mfcc2,mfcc3,mfcc4,mfcc5,mfcc6,mfcc7,mfcc8,mfcc9,mfcc10,mfcc11,mfcc12,mfcc13,mfcc14,mfcc15,mfcc16,mfcc17,mfcc18,mfcc19,mfcc20
0.24715054035186768,1168.3372893646433,1343.8130849903005,1933.0966441623937,0.07452978364454334,-272.6861572265625,159.174072265625,13.733675003051758,-14.54238224029541,9.753362655639648,13.122563362121582,-0.8743045926094055,0.39145341515541077,-10.523751258850098,-0.520027220249176,0.5192784070968628,0.3987978398799896,-7.977284908294678,-3.4035048484802246,-1.1990388631820679,2.724061965942383,-4.944827556610107,1.9076744318008423,-3.5567212104797363,1.2333863973617554
