chroma_stft,spectral_centroid,spectral_bandwidth,rolloff,zero_crossing_rate,mfcc1,mfcc2,mfcc3,mfcc4,mfcc5,mfcc6,mfcc7,mfcc8,mfcc9,mfcc10,mfcc11,mfcc12,mfcc13,mfcc14,mfcc15,mfcc16,mfcc17,mfcc18,mfcc19,mfcc20
0.3131130039691925,2720.2215942857324,2769.510108527679,5819.039813062355,0.11960018382352941,-95.21601104736328,77.24269104003906,12.176783561706543,24.540653228759766,7.975683212280273,-2.590773582458496,15.557291030883789,-16.338354110717773,5.554487705230713,0.7627586126327515,-14.728218078613281,-2.1429672241210938,-5.690196514129639,6.6452107429504395,0.5729357600212097,11.015655517578125,7.901978015899658,7.833918571472168,-3.337120294570923,5.730364799499512
